[
	{ "s": "С", "p": [5, 12, 4, 14, 6, 2, 1] },
	{ "s": "САЙТ", "p": [15] },
	{ "s": "САЙТЕ", "p": [15] },
	{ "s": "САМ", "p": [6] },
	{ "s": "САМИ", "p": [5] },
	{ "s": "САМОСТОЯТЕЛЬНО", "p": [5] },
	{ "s": "СВЕДЕНИЙ", "p": [5] },
	{ "s": "СВЕДЕНИЯ", "p": [5] },
	{ "s": "СВОБОДНО", "p": [1] },
	{ "s": "СВОБОДНОГО", "p": [3] },
	{ "s": "СВОИ", "p": [5] },
	{ "s": "СВОЙ", "p": [5, 12] },
	{ "s": "СВЯЖИТЕСЬ", "p": [12, 1] },
	{ "s": "СДЕЛАТЬ", "p": [5] },
	{ "s": "СЕАНС", "p": [5] },
	{ "s": "СЕАНСОВ", "p": [5] },
	{ "s": "СЕАНСЫ", "p": [5] },
	{ "s": "СЕЙЧАС", "p": [12] },
	{ "s": "СЕРВЕРА", "p": [5] },
	{ "s": "СЕРВИС", "p": [5] },
	{ "s": "СЕРВИСАМ", "p": [5] },
	{ "s": "СЕРВИСЕ", "p": [5] },
	{ "s": "СЕРТИФИКАТА", "p": [5] },
	{ "s": "СИНХРОНИЗАЦИЮ", "p": [5] },
	{ "s": "СИНХРОНИЗАЦИЯ", "p": [5] },
	{ "s": "СИСТЕМА", "p": [5, 3] },
	{ "s": "СИСТЕМЕ", "p": [12] },
	{ "s": "СИСТЕМНЫЕ", "p": [3] },
	{ "s": "СИСТЕМНЫМИ", "p": [6, 4] },
	{ "s": "СИСТЕМУ", "p": [6] },
	{ "s": "СЛЕДОВАТЬ", "p": [14] },
	{ "s": "СЛЕДУЮЩЕЕ", "p": [11] },
	{ "s": "СЛЕДУЮЩИЕ", "p": [15, 12, 9] },
	{ "s": "СЛЕДУЮЩИЙ", "p": [11] },
	{ "s": "СЛЕДУЮЩИМИ", "p": [15] },
	{ "s": "СЛЕДУЮЩУЮ", "p": [3] },
	{ "s": "СЛУЖАТ", "p": [5] },
	{ "s": "СЛУЧАЕ", "p": [12, 5] },
	{ "s": "СМС", "p": [5] },
	{ "s": "СО", "p": [5] },
	{ "s": "СОВЕРШИЛ", "p": [5] },
	{ "s": "СОГЛАСНЫ", "p": [14] },
	{ "s": "СОГЛАШЕНИЕ", "p": [14] },
	{ "s": "СОГЛАШЕНИЕМ", "p": [4] },
	{ "s": "СОГЛАШЕНИЯ", "p": [14] },
	{ "s": "СОДЕРЖАНИЕ", "p": [1] },
	{ "s": "СОДЕРЖИТ", "p": [13, 11] },
	{ "s": "СОЗДАНИЕ", "p": [5] },
	{ "s": "СОЗДАНИЮ", "p": [1] },
	{ "s": "СОЗДАННАЯ", "p": [2] },
	{ "s": "СОЗДАТЬ", "p": [11] },
	{ "s": "СОЗДАЮТСЯ", "p": [5] },
	{ "s": "СОКРАЩАЕТ", "p": [5] },
	{ "s": "СООБЩИТЕ", "p": [12] },
	{ "s": "СООТВЕТСТВУЮЩЕЙ", "p": [6] },
	{ "s": "СОСТАВ", "p": [5] },
	{ "s": "СОСТАВЛЯЕТ", "p": [12] },
	{ "s": "СОТРУДНИКАХ", "p": [5] },
	{ "s": "СОТРУДНИЧЕСТВА", "p": [15] },
	{ "s": "СОТРУДНИЧЕСТВО", "p": [15] },
	{ "s": "СОХРАНИТЬ", "p": [11, 5] },
	{ "s": "СОХРАНЯЮТСЯ", "p": [5] },
	{ "s": "СОЧЕТАНИЯ", "p": [11] },
	{ "s": "СПАСИБО", "p": [1] },
	{ "s": "СПЕЦИАЛЬНОМ", "p": [5] },
	{ "s": "СПЕЦИФИКУ", "p": [1] },
	{ "s": "СПИРТА", "p": [5] },
	{ "s": "СПИРТОСОДЕРЖАЩЕЙ", "p": [5] },
	{ "s": "СПИСОК", "p": [12, 5, 4] },
	{ "s": "СПОСОБАМИ", "p": [15] },
	{ "s": "СПОСОБАХ", "p": [13] },
	{ "s": "СПОСОБОМ", "p": [1] },
	{ "s": "СПОСОБЫ", "p": [11] },
	{ "s": "СПРАВКУ", "p": [11] },
	{ "s": "СРАВНИВАТЬСЯ", "p": [5] },
	{ "s": "СРОК", "p": [12, 5] },
	{ "s": "СРОКА", "p": [12] },
	{ "s": "СРОКИ", "p": [12] },
	{ "s": "СТАБИЛЬНОЙ", "p": [3] },
	{ "s": "СТАТЬЕ", "p": [5] },
	{ "s": "СТОИМОСТИ", "p": [12] },
	{ "s": "СТОИМОСТЬ", "p": [12, 5] },
	{ "s": "СТОИТ", "p": [6] },
	{ "s": "СТОРОНЕ", "p": [5] },
	{ "s": "СТРАНИЦА", "p": [1] },
	{ "s": "СТРОГО", "p": [1] },
	{ "s": "СТРОКИ", "p": [11] },
	{ "s": "СТРУКТУРА", "p": [1] },
	{ "s": "СТРУКТУРИРОВАННАЯ", "p": [5] },
	{ "s": "СТРУКТУРЫ", "p": [5] },
	{ "s": "СУММУ", "p": [12] },
	{ "s": "СУТОК", "p": [5] },
	{ "s": "СФОРМИРОВАННУЮ", "p": [5] }
]