[
	{ "s": "1", "p": [12, 8, 5, 1] },
	{ "s": "1.0", "p": [8, 1] },
	{ "s": "10", "p": [12, 3] },
	{ "s": "11", "p": [12] },
	{ "s": "12", "p": [12] },
	{ "s": "1342", "p": [3] },
	{ "s": "1C", "p": [5] },
	{ "s": "1C:FRESH", "p": [5] },
	{ "s": "1C:ФРЕШ", "p": [5] },
	{ "s": "1С", "p": [5, 15, 7, 3, 2] },
	{ "s": "1С-ОТЧЕТНОСТЬ", "p": [5] },
	{ "s": "1С:БУХГАЛТЕРИЯ", "p": [5] },
	{ "s": "1С:ПРЕДПРИЯТИЕ", "p": [3] },
	{ "s": "1С:УНФ", "p": [5] },
	{ "s": "1С:УПРАВЛЕНИЕ", "p": [5] },
	{ "s": "1С:ФРЕШ", "p": [5] }
]