[
	{ "s": "РАБОТАТЬ", "p": [4] },
	{ "s": "РАБОТЫ", "p": [4, 5, 8, 3, 1] },
	{ "s": "РАДЫ", "p": [1] },
	{ "s": "РАЗДЕЛ", "p": [13, 11, 8, 4] },
	{ "s": "РАЗДЕЛОВ", "p": [1] },
	{ "s": "РАЗМЕР", "p": [12] },
	{ "s": "РАЗМЕРЕ", "p": [12, 4] },
	{ "s": "РАЗНЫХ", "p": [5] },
	{ "s": "РАЗРАБАТЫВАЕТСЯ", "p": [15] },
	{ "s": "РАЗРАБОТАНЫ", "p": [5] },
	{ "s": "РАЗРАБОТЧИКАМИ", "p": [5] },
	{ "s": "РАЗРЫВ", "p": [11] },
	{ "s": "РАЗЪЯСНЕНИЕ", "p": [5] },
	{ "s": "РАСПИСАНИЕ", "p": [5] },
	{ "s": "РАСПИСАНИЮ", "p": [5] },
	{ "s": "РАССЧИТАЕТ", "p": [12] },
	{ "s": "РАСШИРЕНИЕ", "p": [5] },
	{ "s": "РАСШИРЕНИЙ", "p": [5] },
	{ "s": "РАСШИРЕНИЯ", "p": [5] },
	{ "s": "РЕАЛИЗОВАНА", "p": [5] },
	{ "s": "РЕАЛЬНОГО", "p": [5] },
	{ "s": "РЕГИСТРАЦИИ", "p": [5] },
	{ "s": "РЕГЛАМЕНТИРОВАННЫХ", "p": [5] },
	{ "s": "РЕГУЛЯРНОЙ", "p": [5] },
	{ "s": "РЕДАКТИРОВАНИЕ", "p": [11] },
	{ "s": "РЕДАКТИРОВАТЬ", "p": [10] },
	{ "s": "РЕДАКТОР", "p": [11] },
	{ "s": "РЕЖИМ", "p": [5] },
	{ "s": "РЕЖИМЕ", "p": [5, 6] },
	{ "s": "РЕЖИМОВ", "p": [8] },
	{ "s": "РЕЗЕРВНОЕ", "p": [5] },
	{ "s": "РЕЗЕРВНЫЕ", "p": [5] },
	{ "s": "РЕКОМЕНДУЕМ", "p": [12, 5] },
	{ "s": "РЕКОМЕНДУЕТСЯ", "p": [5, 3] },
	{ "s": "РЕЧЬ", "p": [5] },
	{ "s": "РЕШЕНИЯ", "p": [5] },
	{ "s": "РОЖДЕНИЯ", "p": [12, 4] },
	{ "s": "РОССИИ", "p": [5] },
	{ "s": "РУКОВОДИТЕЛЕМ", "p": [5] },
	{ "s": "РУКОВОДСТВА", "p": [1] },
	{ "s": "РУКОВОДСТВО", "p": [1] }
]