[
	{ "s": "И", "p": [5, 12, 4, 1, 15, 14, 13, 11, 10, 8, 6, 3] },
	{ "s": "ИДЕТ", "p": [5] },
	{ "s": "ИЗ", "p": [5, 12, 6] },
	{ "s": "ИЗМЕНЕНИЯ", "p": [5] },
	{ "s": "ИЗМЕНЕННЫЕ", "p": [5] },
	{ "s": "ИЗУЧЕНИИ", "p": [5] },
	{ "s": "ИЛИ", "p": [5, 14, 12] },
	{ "s": "ИМЕЕТ", "p": [5] },
	{ "s": "ИМЕЮЩИХСЯ", "p": [4] },
	{ "s": "ИНДИВИДУАЛЬНОЕ", "p": [5] },
	{ "s": "ИНТЕГРАЦИЯ", "p": [5] },
	{ "s": "ИНТЕРЕСУЮЩИЙ", "p": [12] },
	{ "s": "ИНТЕРНЕТ", "p": [5] },
	{ "s": "ИНТЕРНЕТЕ", "p": [5] },
	{ "s": "ИНТЕРФЕЙС", "p": [8, 5] },
	{ "s": "ИНТЕРФЕЙСА", "p": [8] },
	{ "s": "ИНФОРМАЦИЕЙ", "p": [5] },
	{ "s": "ИНФОРМАЦИИ", "p": [5] },
	{ "s": "ИНФОРМАЦИОННАЯ", "p": [5] },
	{ "s": "ИНФОРМАЦИЮ", "p": [13] },
	{ "s": "ИНФОРМАЦИЯ", "p": [15, 4] },
	{ "s": "ИП", "p": [5] },
	{ "s": "ИСПОЛЬЗОВАТЬ", "p": [3] },
	{ "s": "ИСПОЛЬЗУЕМАЯ", "p": [5] },
	{ "s": "ИСПОЛЬЗУЕМЫЕ", "p": [5] },
	{ "s": "ИСПОЛЬЗУЕТСЯ", "p": [5] },
	{ "s": "ИСПОЛЬЗУЙТЕ", "p": [15, 14, 6] },
	{ "s": "ИСПОЛЬЗУЮТ", "p": [5] },
	{ "s": "ИСПОЛЬЗУЯ", "p": [14] },
	{ "s": "ИТС", "p": [5] },
	{ "s": "ИХ", "p": [12, 5] }
]