[
	{ "s": "МАГАЗИН", "p": [5] },
	{ "s": "МАКЕТОВ", "p": [5] },
	{ "s": "МАКЕТЫ", "p": [5] },
	{ "s": "МАРКИРОВКЕ", "p": [5] },
	{ "s": "МАРКИРОВОЧНЫЙ", "p": [5] },
	{ "s": "МАТЕРИАЛОВ", "p": [5] },
	{ "s": "МАШИНОЧИТАЕМАЯ", "p": [5] },
	{ "s": "МЕДЛЕННОМ", "p": [5] },
	{ "s": "МЕЖДУ", "p": [5] },
	{ "s": "МЕЛОДРАМА", "p": [4] },
	{ "s": "МЕНЕДЖЕРОМ", "p": [5] },
	{ "s": "МЕНЮ", "p": [7] },
	{ "s": "МЕСТА", "p": [3] },
	{ "s": "МЕСЯЦА", "p": [5] },
	{ "s": "МЕТОДИЧЕСКИХ", "p": [5] },
	{ "s": "МИНИМАЛЬНАЯ", "p": [3] },
	{ "s": "МНОГИЕ", "p": [5] },
	{ "s": "МОГУТ", "p": [5] },
	{ "s": "МОДИФИЦИРОВАТЬ", "p": [1] },
	{ "s": "МОЖЕТ", "p": [12, 5] },
	{ "s": "МОЖЕТЕ", "p": [15, 12, 1] },
	{ "s": "МОЖНО", "p": [5, 12] },
	{ "s": "МЧД", "p": [5] },
	{ "s": "МЫ", "p": [1] },
	{ "s": "МЫШИ", "p": [11] }
]