[
	{ "s": "ЗА", "p": [12, 5, 4, 1] },
	{ "s": "ЗАВЕРШИТЬ", "p": [5] },
	{ "s": "ЗАВИСИМОСТИ", "p": [5] },
	{ "s": "ЗАВИСИТ", "p": [5] },
	{ "s": "ЗАГРУЗИТЬ", "p": [6] },
	{ "s": "ЗАДАНИЯ", "p": [5] },
	{ "s": "ЗАДАННОМУ", "p": [4] },
	{ "s": "ЗАДАННУЮ", "p": [4] },
	{ "s": "ЗАДАЧ", "p": [5] },
	{ "s": "ЗАДАЧИ", "p": [5] },
	{ "s": "ЗАЙМЕТ", "p": [5] },
	{ "s": "ЗАКОНОДАТЕЛЬСТВЕ", "p": [5] },
	{ "s": "ЗАКРЫВАЙТЕ", "p": [6] },
	{ "s": "ЗАМЕНИТЬ", "p": [11] },
	{ "s": "ЗАПИСИ", "p": [5] },
	{ "s": "ЗАПОЛНЕНИЯ", "p": [12] },
	{ "s": "ЗАПРОСИТЬ", "p": [12] },
	{ "s": "ЗАПРОСЫ", "p": [5] },
	{ "s": "ЗАПУСК", "p": [7] },
	{ "s": "ЗАПУСКА", "p": [7] },
	{ "s": "ЗАПУСКАЮТСЯ", "p": [5] },
	{ "s": "ЗАПУЩЕННЫЕ", "p": [5] },
	{ "s": "ЗАРЕЗЕРВИРОВАНА", "p": [12] },
	{ "s": "ЗАТЕМ", "p": [6] },
	{ "s": "ЗАТРАТЫ", "p": [5] },
	{ "s": "ЗАФИКСИРУЕТ", "p": [12] },
	{ "s": "ЗАЩИТЫ", "p": [5] },
	{ "s": "ЗНАК", "p": [5] }
]