[
	{ "s": "А", "p": [5, 13] },
	{ "s": "АВТОМАТИЗАЦИЙ", "p": [5] },
	{ "s": "АВТОМАТИЗИРОВАННАЯ", "p": [5] },
	{ "s": "АВТОМАТИЗИРОВАТЬ", "p": [2] },
	{ "s": "АВТОМАТИЗИРУЕТ", "p": [5] },
	{ "s": "АВТОМАТИЗИРУЮТ", "p": [5] },
	{ "s": "АВТОМАТИЧЕСКИ", "p": [5] },
	{ "s": "АВТОМАТИЧЕСКИЕ", "p": [5] },
	{ "s": "АВТОМАТИЧЕСКОМ", "p": [5] },
	{ "s": "АДМИНИСТРАТОР", "p": [5] },
	{ "s": "АДРЕС", "p": [12, 4] },
	{ "s": "АККРЕДИТОВАННОМ", "p": [5] },
	{ "s": "АКТ", "p": [5] },
	{ "s": "АКТИВНОЕ", "p": [5] },
	{ "s": "АКТУАЛЬНЫМИ", "p": [5] },
	{ "s": "АЛКОГОЛЬНОЙ", "p": [5] },
	{ "s": "АНАЛИТИКИ", "p": [5] },
	{ "s": "АНКЕТЫ", "p": [12] },
	{ "s": "АРХИВ", "p": [5] },
	{ "s": "АУДИТ", "p": [5] }
]