[
	{ "s": "ЧАСОВ", "p": [5] },
	{ "s": "ЧАСТО", "p": [5] },
	{ "s": "ЧАСТОТА", "p": [3] },
	{ "s": "ЧАСТЫЕ", "p": [12] },
	{ "s": "ЧАТ", "p": [5] },
	{ "s": "ЧАЩЕ", "p": [5] },
	{ "s": "ЧЕЛОВЕК", "p": [5] },
	{ "s": "ЧЕРЕЗ", "p": [5] },
	{ "s": "ЧЕСТНЫЙ", "p": [5] },
	{ "s": "ЧИТАЙТЕ", "p": [5] },
	{ "s": "ЧИТАТЕЛЕМ", "p": [12] },
	{ "s": "ЧИТАТЕЛЬСКИЙ", "p": [12, 4] },
	{ "s": "ЧИТАТЕЛЬСКОГО", "p": [12] },
	{ "s": "ЧИТАТЕЛЬСКОМУ", "p": [12] },
	{ "s": "ЧИТАТЕЛЮ", "p": [4] },
	{ "s": "ЧИТАТЕЛЯ", "p": [4] },
	{ "s": "ЧИТАТЕЛЯМИ", "p": [4] },
	{ "s": "ЧТО", "p": [12, 14, 6, 5] },
	{ "s": "ЧТОБЫ", "p": [5] }
]