[
	{ "s": "ЭДО", "p": [5] },
	{ "s": "ЭКРАНОВ", "p": [8] },
	{ "s": "ЭЛЕКТРОННАЯ", "p": [5] },
	{ "s": "ЭЛЕКТРОННОЙ", "p": [5] },
	{ "s": "ЭЛЕКТРОННЫЙ", "p": [5] },
	{ "s": "ЭЛЕКТРОННЫХ", "p": [5] },
	{ "s": "ЭЛЕМЕНТЫ", "p": [8] },
	{ "s": "ЭП", "p": [5] },
	{ "s": "ЭТИЛОВОГО", "p": [5] },
	{ "s": "ЭТО", "p": [5, 12, 2] },
	{ "s": "ЭТОГО", "p": [12] },
	{ "s": "ЭТОТ", "p": [8, 5] },
	{ "s": "ЭФФЕКТИВНОЙ", "p": [3] }
]