[
	{ "s": "ФАЙЛ", "p": [6] },
	{ "s": "ФАЙЛА", "p": [6] },
	{ "s": "ФАЙЛАМИ", "p": [5] },
	{ "s": "ФАЙЛОВ", "p": [5] },
	{ "s": "ФАКТ", "p": [6] },
	{ "s": "ФИКСИРУЮТ", "p": [5] },
	{ "s": "ФИКСИРУЮТСЯ", "p": [4] },
	{ "s": "ФИО", "p": [12, 4] },
	{ "s": "ФИРМОЙ", "p": [5] },
	{ "s": "ФОНДЕ", "p": [4] },
	{ "s": "ФОРМ", "p": [5] },
	{ "s": "ФОРМА", "p": [5] },
	{ "s": "ФОРМАТЕ", "p": [5] },
	{ "s": "ФОРМИРОВАНИЕ", "p": [5] },
	{ "s": "ФОРМОЙ", "p": [5] },
	{ "s": "ФОРМЫ", "p": [5] },
	{ "s": "ФРЕШ", "p": [5] },
	{ "s": "ФУНКЦИОНАЛ", "p": [5] },
	{ "s": "ФУНКЦИОНАЛА", "p": [5] },
	{ "s": "ФУНКЦИОНАЛОМ", "p": [5] },
	{ "s": "ФУНКЦИОНАЛЬНОСТИ", "p": [15] },
	{ "s": "ФУНКЦИЯМ", "p": [5] }
]