[
	{ "s": "ПАМЯТИ", "p": [3] },
	{ "s": "ПАРАМЕТРЫ", "p": [10] },
	{ "s": "ПАРОЛЬ", "p": [5] },
	{ "s": "ПАСПОРТОМ", "p": [12] },
	{ "s": "ПЕРЕД", "p": [5, 6, 4] },
	{ "s": "ПЕРЕДАЮТСЯ", "p": [5] },
	{ "s": "ПЕРЕЙТИ", "p": [5] },
	{ "s": "ПЕРЕНЕСТИ", "p": [5] },
	{ "s": "ПЕРЕЧЕНЬ", "p": [12] },
	{ "s": "ПЕЧАТИ", "p": [5] },
	{ "s": "ПЕЧАТНОЙ", "p": [5] },
	{ "s": "ПЕЧАТНЫЕ", "p": [5] },
	{ "s": "ПЛАНИРУЕМАЯ", "p": [4] },
	{ "s": "ПЛАТНАЯ", "p": [5] },
	{ "s": "ПЛАТНЫЕ", "p": [5] },
	{ "s": "ПЛАТФОРМУ", "p": [6] },
	{ "s": "ПО", "p": [5, 11, 12, 15, 4, 1] },
	{ "s": "ПОВРЕЖДЕНИЯ", "p": [5] },
	{ "s": "ПОВТОРИТЬ", "p": [11] },
	{ "s": "ПОД", "p": [5, 1] },
	{ "s": "ПОДДЕРЖИВАЕМЫЕ", "p": [11] },
	{ "s": "ПОДДЕРЖИВАЕТСЯ", "p": [15] },
	{ "s": "ПОДДЕРЖКА", "p": [15, 5] },
	{ "s": "ПОДДЕРЖКИ", "p": [5] },
	{ "s": "ПОДКЛЮЧАЕМ", "p": [5] },
	{ "s": "ПОДКЛЮЧЕНИЯ", "p": [5] },
	{ "s": "ПОДКЛЮЧИВ", "p": [5] },
	{ "s": "ПОДЛЕЖИТ", "p": [5] },
	{ "s": "ПОДПИСАННАЯ", "p": [5] },
	{ "s": "ПОДПИСИ", "p": [5] },
	{ "s": "ПОДПИСКА", "p": [5] },
	{ "s": "ПОДПИСЬ", "p": [5] },
	{ "s": "ПОДРОБНЕЕ", "p": [5] },
	{ "s": "ПОДТВЕРЖДАЕТЕ", "p": [14] },
	{ "s": "ПОДТВЕРЖДЕНИЕ", "p": [5] },
	{ "s": "ПОДЧЕРКНУТЫЙ", "p": [11] },
	{ "s": "ПОЖАЛУЙСТА", "p": [6, 15, 14, 12, 4, 1] },
	{ "s": "ПОЗВОЛЯЕТ", "p": [10, 9, 5] },
	{ "s": "ПОЗВОЛЯЮЩАЯ", "p": [2] },
	{ "s": "ПОИСК", "p": [11] },
	{ "s": "ПОКАЗАТЬ", "p": [11] },
	{ "s": "ПОКУПАТЕЛЯ", "p": [5] },
	{ "s": "ПОЛ", "p": [12, 4] },
	{ "s": "ПОЛНАЯ", "p": [15] },
	{ "s": "ПОЛНЫЙ", "p": [5] },
	{ "s": "ПОЛУЧИТЬ", "p": [12, 5, 4] },
	{ "s": "ПОЛЬЗОВАНИЯ", "p": [12] },
	{ "s": "ПОЛЬЗОВАТЕЛЬ", "p": [5] },
	{ "s": "ПОЛЬЗОВАТЕЛЬСКИЙ", "p": [8] },
	{ "s": "ПОЛЬЗОВАТЕЛЬСКОГО", "p": [8] },
	{ "s": "ПОЛЬЗОВАТЕЛЬСКОЙ", "p": [1] },
	{ "s": "ПОЛЬЗОВАТЕЛЯ", "p": [5, 1, 14, 12] },
	{ "s": "ПОМОГУТ", "p": [5] },
	{ "s": "ПОМОЖЕТ", "p": [4] },
	{ "s": "ПОМОЩИ", "p": [11] },
	{ "s": "ПОМОЩЬ", "p": [5] },
	{ "s": "ПОМОЩЬЮ", "p": [5, 12] },
	{ "s": "ПОНЯТИЯ", "p": [5] },
	{ "s": "ПОНЯТИЯМ", "p": [5] },
	{ "s": "ПОНЯТИЯМИ", "p": [5] },
	{ "s": "ПОПАСТЬ", "p": [5] },
	{ "s": "ПОПРОБУЙТЕ", "p": [5] },
	{ "s": "ПОСЛЕ", "p": [12, 6] },
	{ "s": "ПОСЛЕДОВАТЕЛЬНОСТЬ", "p": [5] },
	{ "s": "ПОСМОТРЕТЬ", "p": [5] },
	{ "s": "ПОТЕРИ", "p": [5] },
	{ "s": "ПОТЕРЯЛ", "p": [12] },
	{ "s": "ПРАВА", "p": [5] },
	{ "s": "ПРАВОМУ", "p": [11] },
	{ "s": "ПРАВООБЛАДАТЕЛЕМ", "p": [15] },
	{ "s": "ПРЕДЛОЖЕНИЯ", "p": [1] },
	{ "s": "ПРЕДНАЗНАЧЕНИЕ", "p": [8] },
	{ "s": "ПРЕДОСТАВИТЬ", "p": [12] },
	{ "s": "ПРЕДОСТАВЛЯЕТСЯ", "p": [1] },
	{ "s": "ПРЕДОСТАВЯТ", "p": [12] },
	{ "s": "ПРЕДПРИЯТИЕ", "p": [3] },
	{ "s": "ПРЕДПРИЯТИЯ", "p": [5, 2] },
	{ "s": "ПРЕДЪЯВИТЕ", "p": [12] },
	{ "s": "ПРИ", "p": [5, 12, 11, 4] },
	{ "s": "ПРИЗВАН", "p": [1] },
	{ "s": "ПРИКЛАДНОГО", "p": [5] },
	{ "s": "ПРИЛОЖЕНИЕ", "p": [5] },
	{ "s": "ПРИЛОЖЕНИИ", "p": [5] },
	{ "s": "ПРИЛОЖЕНИЙ", "p": [5] },
	{ "s": "ПРИЛОЖЕНИЯ", "p": [5] },
	{ "s": "ПРИМЕРА", "p": [1] },
	{ "s": "ПРИНЕСИТЕ", "p": [12] },
	{ "s": "ПРИОБРЕТЕНИЯ", "p": [13] },
	{ "s": "ПРИСВАИВАЕТСЯ", "p": [5] },
	{ "s": "ПРОВЕДЕНИЯ", "p": [5] },
	{ "s": "ПРОВЕРИТЬ", "p": [12] },
	{ "s": "ПРОГРАММА", "p": [2] },
	{ "s": "ПРОГРАММЕ", "p": [1] },
	{ "s": "ПРОГРАММИСТА", "p": [5] },
	{ "s": "ПРОГРАММИСТЫ", "p": [5] },
	{ "s": "ПРОГРАММНОГО", "p": [5, 14, 1] },
	{ "s": "ПРОГРАММНОЕ", "p": [14] },
	{ "s": "ПРОГРАММЫ", "p": [10, 9, 2, 15, 7, 5, 3] },
	{ "s": "ПРОДАЖИ", "p": [15] },
	{ "s": "ПРОДЛЕНИЯ", "p": [12] },
	{ "s": "ПРОДЛИТЬ", "p": [12] },
	{ "s": "ПРОДУКТА", "p": [15, 13, 5, 1] },
	{ "s": "ПРОДУКТЕ", "p": [15] },
	{ "s": "ПРОДУКТОВ", "p": [5] },
	{ "s": "ПРОДУКТУ", "p": [1] },
	{ "s": "ПРОДУКЦИИ", "p": [5] },
	{ "s": "ПРОЕКТ", "p": [11] },
	{ "s": "ПРОИЗВОДИТЕЛЯ", "p": [5] },
	{ "s": "ПРОИЗВОДСТВОМ", "p": [5] },
	{ "s": "ПРОИСХОДЯТ", "p": [5] },
	{ "s": "ПРОСМОТРА", "p": [5] },
	{ "s": "ПРОСТОЙ", "p": [5] },
	{ "s": "ПРОТИВОДЕЙСТВИЯ", "p": [5] },
	{ "s": "ПРОХОДЯТ", "p": [5] },
	{ "s": "ПРОЦЕСС", "p": [5, 4, 2] },
	{ "s": "ПРОЦЕССЕ", "p": [6] },
	{ "s": "ПРОЦЕССОВ", "p": [5] },
	{ "s": "ПРОЦЕССОРА", "p": [3] },
	{ "s": "ПРОЦЕССЫ", "p": [5] },
	{ "s": "ПРОЧЛИ", "p": [14] },
	{ "s": "ПРОЧТИТЕ", "p": [14] },
	{ "s": "ПРЯМОЙ", "p": [5] },
	{ "s": "ПУСК", "p": [7] },
	{ "s": "ПЯТИКРАТНОМ", "p": [12, 4] }
]