[
	{ "s": "У", "p": [12, 5] },
	{ "s": "УБЕДИТЕСЬ", "p": [5] },
	{ "s": "УДАЛИТЬ", "p": [5] },
	{ "s": "УДОБНЫМ", "p": [1] },
	{ "s": "УЗНАЙТЕ", "p": [5] },
	{ "s": "УЗНАТЬ", "p": [12] },
	{ "s": "УКАЖЕТ", "p": [12] },
	{ "s": "УКАЗАНА", "p": [12] },
	{ "s": "УМЕНЬШАЕТ", "p": [5] },
	{ "s": "УМОЛЧАНИЮ", "p": [5] },
	{ "s": "УНИКАЛЬНЫЙ", "p": [5] },
	{ "s": "УНФ", "p": [5] },
	{ "s": "УПРАВЛЕНИЕ", "p": [5] },
	{ "s": "УПРАВЛЕНИЯ", "p": [11] },
	{ "s": "УРОВЕНЬ", "p": [5] },
	{ "s": "УСИЛЕННУЮ", "p": [5] },
	{ "s": "УСКОРЯЕТ", "p": [5] },
	{ "s": "УСЛОВИЯ", "p": [5] },
	{ "s": "УСЛОВИЯМ", "p": [14] },
	{ "s": "УСЛОВИЯМИ", "p": [14] },
	{ "s": "УСЛОВИЯХ", "p": [13] },
	{ "s": "УСЛУГ", "p": [5] },
	{ "s": "УСЛУГА", "p": [5] },
	{ "s": "УСПЕВАЮ", "p": [12] },
	{ "s": "УСТАНАВЛИВАЙТЕ", "p": [14] },
	{ "s": "УСТАНАВЛИВАЯ", "p": [14] },
	{ "s": "УСТАНОВИТЬ", "p": [4] },
	{ "s": "УСТАНОВКА", "p": [6] },
	{ "s": "УСТАНОВКИ", "p": [6] },
	{ "s": "УСТАНОВКОЙ", "p": [6] },
	{ "s": "УСТАНОВЛЕННАЯ", "p": [5] },
	{ "s": "УСТАНОВЩИКА", "p": [6] },
	{ "s": "УТЕРЕ", "p": [12] },
	{ "s": "УТЕРИ", "p": [12] },
	{ "s": "УТЕРЯННУЮ", "p": [12, 4] },
	{ "s": "УТЕРЯННЫЙ", "p": [12] },
	{ "s": "УЧЕСТЬ", "p": [4] },
	{ "s": "УЧЕТА", "p": [5] },
	{ "s": "УЧИТЫВАЮТ", "p": [5] }
]