[
	{ "s": "БАЗ", "p": [5] },
	{ "s": "БАЗА", "p": [5] },
	{ "s": "БАЗАМИ", "p": [5] },
	{ "s": "БАЗЕ", "p": [5] },
	{ "s": "БАЗУ", "p": [5] },
	{ "s": "БАНКОВСКИХ", "p": [5] },
	{ "s": "БЕКАП", "p": [5] },
	{ "s": "БЕКАПАМ", "p": [5] },
	{ "s": "БЕСПЛАТНО", "p": [5] },
	{ "s": "БЕСПЛАТНЫЕ", "p": [5] },
	{ "s": "БИБЛИОТЕКА", "p": [15, 14, 13, 12, 11, 10, 9, 8, 7, 5, 4, 2, 1] },
	{ "s": "БИБЛИОТЕКАРЬ", "p": [12] },
	{ "s": "БИБЛИОТЕКАРЮ", "p": [12] },
	{ "s": "БИБЛИОТЕКЕ", "p": [12, 2] },
	{ "s": "БИБЛИОТЕКУ", "p": [12] },
	{ "s": "БИЗНЕС", "p": [5] },
	{ "s": "БИЗНЕС-ПРОЦЕСС", "p": [5] },
	{ "s": "БИЗНЕСА", "p": [5] },
	{ "s": "БИЗНЕСА-ПРОЦЕССОВ", "p": [5] },
	{ "s": "БИЛЕТ", "p": [12, 4] },
	{ "s": "БИЛЕТА", "p": [12] },
	{ "s": "БИЛЕТУ", "p": [12] },
	{ "s": "БОЙ", "p": [5] },
	{ "s": "БОЛЕЕ", "p": [5] },
	{ "s": "БОЛЬШЕ", "p": [5] },
	{ "s": "БРАУЗЕРА", "p": [5] },
	{ "s": "БУДЕМ", "p": [1] },
	{ "s": "БУДЕТ", "p": [12] },
	{ "s": "БУДУТ", "p": [6] },
	{ "s": "БУМАЖНУЮ", "p": [5] },
	{ "s": "БУХГАЛТЕРИИ", "p": [5] },
	{ "s": "БУХГАЛТЕРИЯ", "p": [5] },
	{ "s": "БУХГАЛТЕРСКАЯ", "p": [5] },
	{ "s": "БУХГАЛТЕРСКИМ", "p": [5] },
	{ "s": "БЫСТРО", "p": [4] },
	{ "s": "БЫСТРОГО", "p": [5] },
	{ "s": "БЫТЬ", "p": [5] },
	{ "s": "БЭКАП", "p": [5] },
	{ "s": "БЭКАПА", "p": [5] }
]