[
	{ "s": "НА", "p": [5, 12, 15, 7, 4, 3, 1] },
	{ "s": "НАЖМИТЕ", "p": [7] },
	{ "s": "НАЙТИ", "p": [11] },
	{ "s": "НАКЛАДНАЯ", "p": [5] },
	{ "s": "НАКЛОННЫЙ", "p": [11] },
	{ "s": "НАМИ", "p": [12, 1] },
	{ "s": "НАПЕЧАТАТЬ", "p": [4] },
	{ "s": "НАПРАВИТЬ", "p": [15] },
	{ "s": "НАПРАВЛЕНИЯХ", "p": [5] },
	{ "s": "НАПРИМЕР", "p": [12, 5] },
	{ "s": "НАПРЯМУЮ", "p": [5] },
	{ "s": "НАСТРОИТЬ", "p": [5, 4] },
	{ "s": "НАСТРОЙКА", "p": [5] },
	{ "s": "НАСТРОЙКЕ", "p": [5] },
	{ "s": "НАСТРОЙКИ", "p": [10, 5] },
	{ "s": "НАЧАЛО", "p": [4, 1] },
	{ "s": "НАЧАЛОМ", "p": [5, 4] },
	{ "s": "НАЧАЛЬНАЯ", "p": [1] },
	{ "s": "НАЧАЛЬНЫЕ", "p": [6] },
	{ "s": "НАЧАТЬ", "p": [4] },
	{ "s": "НАЧИСЛЕНИЕ", "p": [4] },
	{ "s": "НАЧИСЛЯЕТСЯ", "p": [12] },
	{ "s": "НАШЕГО", "p": [5] },
	{ "s": "НАШЕЙ", "p": [5] },
	{ "s": "НАШИ", "p": [5] },
	{ "s": "НАШЛИ", "p": [12] },
	{ "s": "НЕ", "p": [12, 5, 14, 6, 1] },
	{ "s": "НЕВОЗМОЖНО", "p": [5] },
	{ "s": "НЕГО", "p": [5] },
	{ "s": "НЕДЕЛИ", "p": [12] },
	{ "s": "НЕЗАКОННОМУ", "p": [5] },
	{ "s": "НЕОБХОДИМ", "p": [12] },
	{ "s": "НЕОБХОДИМО", "p": [12, 7, 6, 4] },
	{ "s": "НЕОБХОДИМОСТИ", "p": [5] },
	{ "s": "НЕОБХОДИМЫХ", "p": [5] },
	{ "s": "НЕСКОЛЬКИМИ", "p": [5] },
	{ "s": "НЕСТАНДАРТНЫХ", "p": [5] },
	{ "s": "НЕТ", "p": [5] },
	{ "s": "НИЗКИЙ", "p": [5] },
	{ "s": "НИХ", "p": [12] },
	{ "s": "НОВОВВЕДЕНИЯХ", "p": [5] },
	{ "s": "НОВОСТЯМИ", "p": [5] },
	{ "s": "НОВЫЕ", "p": [5] },
	{ "s": "НОВЫЙ", "p": [11] },
	{ "s": "НУЖНО", "p": [12] },
	{ "s": "НУЖНОГО", "p": [5] }
]