[
	{ "s": "К", "p": [5, 12, 1] },
	{ "s": "КАБИНЕТУ", "p": [5] },
	{ "s": "КАДРОВОГО", "p": [5] },
	{ "s": "КАЖДОЙ", "p": [5] },
	{ "s": "КАЖДЫМ", "p": [5] },
	{ "s": "КАК", "p": [12, 5] },
	{ "s": "КАКИЕ", "p": [12, 5] },
	{ "s": "КАКИМ", "p": [5] },
	{ "s": "КАКОЕ", "p": [5] },
	{ "s": "КАКОЙ", "p": [12, 5] },
	{ "s": "КАНАЛЫ", "p": [15] },
	{ "s": "КАТАЛОГА", "p": [12] },
	{ "s": "КАЧЕСТВЕ", "p": [1] },
	{ "s": "КВАЛИФИЦИРОВАННОЙ", "p": [5] },
	{ "s": "КВАЛИФИЦИРОВАННУЮ", "p": [5] },
	{ "s": "КВИТАНЦИИ", "p": [4] },
	{ "s": "КВИТАНЦИЮ", "p": [12] },
	{ "s": "КЛАВИШ", "p": [11] },
	{ "s": "КЛАВИШИ", "p": [11] },
	{ "s": "КЛАССИКА", "p": [12, 4] },
	{ "s": "КЛАССИФИКАЦИЮ", "p": [4] },
	{ "s": "КЛИЕНТ", "p": [5] },
	{ "s": "КЛИЕНТА", "p": [5] },
	{ "s": "КЛИЕНТСКОЙ", "p": [5] },
	{ "s": "КНИГ", "p": [12, 4, 2] },
	{ "s": "КНИГА", "p": [12] },
	{ "s": "КНИГАХ", "p": [4] },
	{ "s": "КНИГИ", "p": [12, 4] },
	{ "s": "КНИГОЙ", "p": [12] },
	{ "s": "КНИГУ", "p": [12, 4] },
	{ "s": "КОД", "p": [5] },
	{ "s": "КОЛИЧЕСТВА", "p": [5] },
	{ "s": "КОЛИЧЕСТВО", "p": [5, 3] },
	{ "s": "КОМПАНИЕЙ", "p": [15] },
	{ "s": "КОМПАНИИ", "p": [5] },
	{ "s": "КОМПАНИЯМИ", "p": [5] },
	{ "s": "КОМПАНИЯМИ-РАЗРАБОТЧИКАМИ", "p": [5] },
	{ "s": "КОМПЬЮТЕР", "p": [5] },
	{ "s": "КОМПЬЮТЕРЕ", "p": [5] },
	{ "s": "КОНЕЧНОГО", "p": [14] },
	{ "s": "КОНКРЕТНЫХ", "p": [5] },
	{ "s": "КОНСУЛЬТАЦИЯ", "p": [5] },
	{ "s": "КОНТАКТНАЯ", "p": [15] },
	{ "s": "КОНТАКТНЫЙ", "p": [12] },
	{ "s": "КОНТЕКСТНУЮ", "p": [11] },
	{ "s": "КОНТРАГЕНТАМИ", "p": [5] },
	{ "s": "КОНТРАГЕНТАХ", "p": [5] },
	{ "s": "КОНТРОЛЕМ", "p": [2] },
	{ "s": "КОНТРОЛИРУЮЩИЕ", "p": [5] },
	{ "s": "КОНТРОЛЯ", "p": [5] },
	{ "s": "КОНФИГУРАТОР", "p": [6] },
	{ "s": "КОНФИГУРАЦИИ", "p": [6, 3] },
	{ "s": "КОНФИГУРАЦИЮ", "p": [7, 6, 3] },
	{ "s": "КОНФИГУРАЦИЯ", "p": [6, 5] },
	{ "s": "КОНФИГУРАЦИЯХ", "p": [5] },
	{ "s": "КОПИИ", "p": [5] },
	{ "s": "КОПИРОВАНИЕ", "p": [5] },
	{ "s": "КОПИРОВАТЬ", "p": [11] },
	{ "s": "КОРОБКАХ", "p": [5] },
	{ "s": "КОРОБОЧНОГО", "p": [5] },
	{ "s": "КОРРЕКТНОСТИ", "p": [5] },
	{ "s": "КОТОРОЙ", "p": [5] },
	{ "s": "КОТОРОМ", "p": [5] },
	{ "s": "КОТОРЫЕ", "p": [5] },
	{ "s": "КОТОРЫЙ", "p": [5, 12] },
	{ "s": "КРАТНУЮ", "p": [12] },
	{ "s": "КРАЮ", "p": [11] },
	{ "s": "КРИПТОСРЕДСТВ", "p": [5] },
	{ "s": "КРУГЛОСУТОЧНОЙ", "p": [5] },
	{ "s": "КЭП", "p": [5] }
]