[
	{ "s": "В", "p": [5, 12, 6, 4, 1, 7, 2] },
	{ "s": "ВАЖНО", "p": [5] },
	{ "s": "ВАМ", "p": [12, 5, 4] },
	{ "s": "ВАС", "p": [12] },
	{ "s": "ВАШЕГО", "p": [1] },
	{ "s": "ВАШЕМУ", "p": [12, 1] },
	{ "s": "ВАШИ", "p": [1] },
	{ "s": "ВВЕДЕННАЯ", "p": [5] },
	{ "s": "ВЕБ", "p": [5] },
	{ "s": "ВЕБ-ИНТЕРФЕЙС", "p": [5] },
	{ "s": "ВЕБ-СЕРВЕРА", "p": [5] },
	{ "s": "ВЕДЕНИЕ", "p": [5] },
	{ "s": "ВЕДЕТСЯ", "p": [5] },
	{ "s": "ВЕРНУТЬ", "p": [12] },
	{ "s": "ВЕРСИИ", "p": [6] },
	{ "s": "ВЕРСИЯ", "p": [5, 3] },
	{ "s": "ВЗАИМОПОНИМАНИЕ", "p": [5] },
	{ "s": "ВЗЯЛ", "p": [12] },
	{ "s": "ВЗЯТЬ", "p": [12] },
	{ "s": "ВИДА", "p": [5] },
	{ "s": "ВИДАХ", "p": [13] },
	{ "s": "ВИДЕ", "p": [4] },
	{ "s": "ВКЛАДКА", "p": [5] },
	{ "s": "ВКЛЮЧЕНА", "p": [5] },
	{ "s": "ВЛАДЕЛЕЦ", "p": [5] },
	{ "s": "ВНЕШНЕЙ", "p": [5] },
	{ "s": "ВНЕШНИЕ", "p": [5] },
	{ "s": "ВНИМАТЕЛЬНО", "p": [14] },
	{ "s": "ВНУТРИ", "p": [5] },
	{ "s": "ВО", "p": [5] },
	{ "s": "ВОВРЕМЯ", "p": [12] },
	{ "s": "ВОЗВРАТ", "p": [12] },
	{ "s": "ВОЗВРАТА", "p": [12, 4] },
	{ "s": "ВОЗВРАЩЕНА", "p": [12] },
	{ "s": "ВОЗМОЖЕН", "p": [12] },
	{ "s": "ВОЗМОЖНО", "p": [12] },
	{ "s": "ВОЗМОЖНОСТЕЙ", "p": [2] },
	{ "s": "ВОЗМОЖНЫЕ", "p": [12] },
	{ "s": "ВОПРОС", "p": [12] },
	{ "s": "ВОПРОСАМ", "p": [5, 15] },
	{ "s": "ВОПРОСЫ", "p": [12, 15, 1] },
	{ "s": "ВОСПОЛЬЗОВАТЬСЯ", "p": [5] },
	{ "s": "ВОССТАНОВИТЬ", "p": [12] },
	{ "s": "ВОССТАНОВЛЕНИЯ", "p": [5] },
	{ "s": "ВРЕМЕНИ", "p": [5] },
	{ "s": "ВРЕМЯ", "p": [5] },
	{ "s": "ВРУЧНУЮ", "p": [5] },
	{ "s": "ВСЕ", "p": [5, 11] },
	{ "s": "ВСЕГО", "p": [5] },
	{ "s": "ВСТАВИТЬ", "p": [11] },
	{ "s": "ВСТРЕТЯТСЯ", "p": [5] },
	{ "s": "ВХОДЯТ", "p": [5] },
	{ "s": "ВЫ", "p": [14, 12, 15, 1] },
	{ "s": "ВЫБЕРЕТЕ", "p": [6] },
	{ "s": "ВЫБЕРИТЕ", "p": [12] },
	{ "s": "ВЫБИРАТЬ", "p": [6] },
	{ "s": "ВЫБОР", "p": [1] },
	{ "s": "ВЫБОРА", "p": [2] },
	{ "s": "ВЫБРАТЬ", "p": [11, 7, 6] },
	{ "s": "ВЫГРУЗКУ", "p": [5] },
	{ "s": "ВЫДАВАЕМОГО", "p": [5] },
	{ "s": "ВЫДАДУТ", "p": [12] },
	{ "s": "ВЫДАЕТСЯ", "p": [12, 4] },
	{ "s": "ВЫДАННЫХ", "p": [12] },
	{ "s": "ВЫДАСТ", "p": [12] },
	{ "s": "ВЫДАЧЕ", "p": [12, 4] },
	{ "s": "ВЫДАЧИ", "p": [12, 4] },
	{ "s": "ВЫДАЧУ", "p": [12] },
	{ "s": "ВЫПИСАТЬ", "p": [4] },
	{ "s": "ВЫПОЛНЕНИЕ", "p": [5] },
	{ "s": "ВЫПОЛНИТЬ", "p": [5] },
	{ "s": "ВЫПОЛНЯТЬ", "p": [9] },
	{ "s": "ВЫРАВНИВАНИЕ", "p": [11] },
	{ "s": "ВЫРЕЗАТЬ", "p": [11] }
]