[
	{ "s": "ТАБЛИЦА", "p": [5] },
	{ "s": "ТАК", "p": [5, 13] },
	{ "s": "ТАКЖЕ", "p": [5] },
	{ "s": "ТАКИХ", "p": [5] },
	{ "s": "ТАРИФ", "p": [5] },
	{ "s": "ТАРИФЫ", "p": [5] },
	{ "s": "ТЕКСТ", "p": [11] },
	{ "s": "ТЕКСТОВЫЙ", "p": [11] },
	{ "s": "ТЕЛЕФОН", "p": [15, 12, 4] },
	{ "s": "ТЕМ", "p": [5] },
	{ "s": "ТЕРМИНАМ", "p": [5] },
	{ "s": "ТЕРМИНАМИ", "p": [5] },
	{ "s": "ТЕРМИНЫ", "p": [5] },
	{ "s": "ТЕХНИКА", "p": [12, 4] },
	{ "s": "ТЕХНИЧЕСКАЯ", "p": [15, 5] },
	{ "s": "ТЕХНИЧЕСКИМ", "p": [5] },
	{ "s": "ТЕХНИЧЕСКОГО", "p": [5] },
	{ "s": "ТЕХНИЧЕСКОЙ", "p": [5] },
	{ "s": "ТЕХНОЛОГИЙ", "p": [5] },
	{ "s": "ТЕХПОДДЕРЖКОЙ", "p": [5] },
	{ "s": "ТЕЧЕНИЕ", "p": [5] },
	{ "s": "ТИПАХ", "p": [13] },
	{ "s": "ТО", "p": [5, 14] },
	{ "s": "ТОВАРА", "p": [5] },
	{ "s": "ТОВАРАХ", "p": [5] },
	{ "s": "ТОВАРНАЯ", "p": [5] },
	{ "s": "ТОВАРОВ", "p": [5] },
	{ "s": "ТОГДА", "p": [14] },
	{ "s": "ТОЛСТОГО", "p": [5] },
	{ "s": "ТОЛЬКО", "p": [5] },
	{ "s": "ТОМ", "p": [5] },
	{ "s": "ТОНКАЯ", "p": [5] },
	{ "s": "ТОНКИЙ", "p": [5] },
	{ "s": "ТОНКОГО", "p": [5] },
	{ "s": "ТОТ", "p": [6] },
	{ "s": "ТОЧНАЯ", "p": [12] },
	{ "s": "ТРЕБОВАНИЮ", "p": [5, 4] },
	{ "s": "ТРЕБОВАНИЯ", "p": [3] },
	{ "s": "ТРЕБОВАНИЯМ", "p": [14] },
	{ "s": "ТРЕБОВАНИЯМИ", "p": [6, 4] },
	{ "s": "ТРЕБУЕМОГО", "p": [4] },
	{ "s": "ТРЕБУЮТ", "p": [5] },
	{ "s": "ТУТ", "p": [5] }
]