[
	{ "s": "ДА", "p": [12] },
	{ "s": "ДАЕМ", "p": [5] },
	{ "s": "ДАЛЕЕ", "p": [7] },
	{ "s": "ДАННОЕ", "p": [14] },
	{ "s": "ДАННЫЕ", "p": [12, 6, 5, 4] },
	{ "s": "ДАННЫЙ", "p": [13, 4, 1] },
	{ "s": "ДАННЫХ", "p": [5] },
	{ "s": "ДАТА", "p": [12, 4] },
	{ "s": "ДВУСТОРОННИЙ", "p": [5] },
	{ "s": "ДЕЙСТВИЙ", "p": [5] },
	{ "s": "ДЕЙСТВИЯ", "p": [5] },
	{ "s": "ДЕЛАТЬ", "p": [12] },
	{ "s": "ДЕЛОПРОИЗВОДСТВО", "p": [5] },
	{ "s": "ДЕТЕКТИВ", "p": [4] },
	{ "s": "ДЕТЕКТИВЫ", "p": [12] },
	{ "s": "ДЕЯТЕЛЬНОСТИ", "p": [5] },
	{ "s": "ДИСКЕ", "p": [3] },
	{ "s": "ДЛЯ", "p": [5, 12, 7, 6, 3, 2] },
	{ "s": "ДМИТРИЕВНА", "p": [1] },
	{ "s": "ДНЕЙ", "p": [5] },
	{ "s": "ДО", "p": [5] },
	{ "s": "ДОБАВЛЕНИЯ", "p": [6] },
	{ "s": "ДОВЕРЕННОСТИ", "p": [5] },
	{ "s": "ДОВЕРЕННОСТЬ", "p": [5] },
	{ "s": "ДОГОВОРОМ", "p": [14] },
	{ "s": "ДОКУМЕНТАЦИЕЙ", "p": [5] },
	{ "s": "ДОКУМЕНТАЦИИ", "p": [1] },
	{ "s": "ДОКУМЕНТОВ", "p": [5] },
	{ "s": "ДОКУМЕНТООБОРОТ", "p": [5] },
	{ "s": "ДОКУПИТЬ", "p": [5] },
	{ "s": "ДОПОЛНЕНИЯ", "p": [5] },
	{ "s": "ДОПОЛНИТЕЛЬНОЙ", "p": [12] },
	{ "s": "ДОПОЛНИТЕЛЬНЫЙ", "p": [5] },
	{ "s": "ДОРАБОТАТЬ", "p": [5] },
	{ "s": "ДОРАБОТКИ", "p": [5] },
	{ "s": "ДОРАБОТОК", "p": [5] },
	{ "s": "ДОСТИЖЕНИЯ", "p": [5] },
	{ "s": "ДОСТУП", "p": [5] },
	{ "s": "ДОСТУПА", "p": [5] },
	{ "s": "ДОСТУПЕН", "p": [5] },
	{ "s": "ДОСТУПНА", "p": [15, 5] },
	{ "s": "ДОСТУПНЫЕ", "p": [8] },
	{ "s": "ДОСТУПНЫХ", "p": [12, 5] },
	{ "s": "ДР", "p": [5, 12, 4] },
	{ "s": "ДРУГИМ", "p": [12] },
	{ "s": "ДРУГИХ", "p": [5] },
	{ "s": "ДУБЛИКАТ", "p": [12] }
]