[
	{ "s": "ЛЕВОМУ", "p": [11] },
	{ "s": "ЛЕНА", "p": [15] },
	{ "s": "ЛИ", "p": [12] },
	{ "s": "ЛИНИЕЙ", "p": [5] },
	{ "s": "ЛИРИКА", "p": [4] },
	{ "s": "ЛИЦЕНЗИЙ", "p": [13] },
	{ "s": "ЛИЦЕНЗИОННОЕ", "p": [14] },
	{ "s": "ЛИЦЕНЗИОННЫМ", "p": [4] },
	{ "s": "ЛИЦЕНЗИРОВАНИЯ", "p": [15, 13] },
	{ "s": "ЛИЦЕНЗИЯ", "p": [13] },
	{ "s": "ЛИЧНОМУ", "p": [5] },
	{ "s": "ЛОГИН", "p": [5] },
	{ "s": "ЛОКАЛЬНОМ", "p": [5] },
	{ "s": "ЛОКАЛЬНЫЙ", "p": [5] },
	{ "s": "ЛЮБОЕ", "p": [5] },
	{ "s": "ЛЮБЫЕ", "p": [1] },
	{ "s": "ЛЮБЫМ", "p": [1] }
]