[
	{ "s": "О", "p": [5, 13, 15] },
	{ "s": "ОБ", "p": [5, 4] },
	{ "s": "ОБЕСПЕЧЕНИЕ", "p": [14] },
	{ "s": "ОБЕСПЕЧЕНИЯ", "p": [5, 14] },
	{ "s": "ОБЗОР", "p": [2] },
	{ "s": "ОБЛАКЕ", "p": [5] },
	{ "s": "ОБЛАКО", "p": [5] },
	{ "s": "ОБЛАЧНОМ", "p": [5] },
	{ "s": "ОБЛАЧНЫХ", "p": [5] },
	{ "s": "ОБЛЕГЧИТЬ", "p": [1] },
	{ "s": "ОБМЕН", "p": [5] },
	{ "s": "ОБНОВЛЕНИЯ", "p": [5] },
	{ "s": "ОБНОВЛЕНИЯМИ", "p": [5] },
	{ "s": "ОБОРОТОМ", "p": [5] },
	{ "s": "ОБОРОТУ", "p": [5] },
	{ "s": "ОБРАБАТЫВАЮТСЯ", "p": [5] },
	{ "s": "ОБРАБОТКИ", "p": [5] },
	{ "s": "ОБРАЗОВАНИЕ", "p": [12, 4] },
	{ "s": "ОБРАТИТЕСЬ", "p": [12] },
	{ "s": "ОБРАТИТЬСЯ", "p": [12] },
	{ "s": "ОБЩЕНИИ", "p": [5] },
	{ "s": "ОБЩИЕ", "p": [11] },
	{ "s": "ОБЪЕДИНЯТЬСЯ", "p": [5] },
	{ "s": "ОБЪЕМ", "p": [3] },
	{ "s": "ОБЪЕМА", "p": [5] },
	{ "s": "ОБЫЧНО", "p": [12] },
	{ "s": "ОБЫЧНЫЙ", "p": [5] },
	{ "s": "ОБЯЗАТЕЛЬНО", "p": [5] },
	{ "s": "ОБЯЗАТЕЛЬНОЙ", "p": [5] },
	{ "s": "ОБЯЗАТЕЛЬНЫЙ", "p": [5] },
	{ "s": "ОБЯЗАТЕЛЬНЫМИ", "p": [1] },
	{ "s": "ОБЯЗУЕТЕСЬ", "p": [14] },
	{ "s": "ОГОВАРИВАЕТСЯ", "p": [12, 4] },
	{ "s": "ОДНАКО", "p": [6] },
	{ "s": "ОДНОМ", "p": [5] },
	{ "s": "ОЗНАКОМИТЬСЯ", "p": [5] },
	{ "s": "ОЗНАКОМЬТЕСЬ", "p": [6, 4] },
	{ "s": "ОКАЗАНИИ", "p": [5] },
	{ "s": "ОКНО", "p": [9, 5, 10, 6] },
	{ "s": "ОКОН", "p": [8] },
	{ "s": "ОН", "p": [12] },
	{ "s": "ОНА", "p": [5] },
	{ "s": "ОНИ", "p": [5] },
	{ "s": "ОНЛАЙН", "p": [5] },
	{ "s": "ОНЛАЙН-ВЕРСИЯ", "p": [5] },
	{ "s": "ОПЕРАТИВНОГО", "p": [5] },
	{ "s": "ОПЕРАТИВНОЙ", "p": [3] },
	{ "s": "ОПЕРАЦИИ", "p": [9, 8] },
	{ "s": "ОПЕРАЦИЙ", "p": [5] },
	{ "s": "ОПЕРАЦИОННАЯ", "p": [3] },
	{ "s": "ОПИСЫВАЕТ", "p": [8] },
	{ "s": "ОПЛАТЕ", "p": [5] },
	{ "s": "ОПЛАТУ", "p": [12] },
	{ "s": "ОПЛАЧИВАЕТСЯ", "p": [5] },
	{ "s": "ОПРЕДЕЛЕННОГО", "p": [12] },
	{ "s": "ОПРЕДЕЛЕННОМУ", "p": [12] },
	{ "s": "ОПРЕДЕЛЕННЫЕ", "p": [5] },
	{ "s": "ОПРЕДЕЛЕННЫМ", "p": [5] },
	{ "s": "ОПРЕДЕЛЯЮТ", "p": [5] },
	{ "s": "ОРГАНИЗАЦИИ", "p": [5] },
	{ "s": "ОРГАНИЗОВАТЬ", "p": [4] },
	{ "s": "ОРГАНЫ", "p": [5] },
	{ "s": "ОСВОЕНИИ", "p": [5] },
	{ "s": "ОСНОВЕ", "p": [5] },
	{ "s": "ОСНОВНЫЕ", "p": [5, 8] },
	{ "s": "ОСНОВНЫМ", "p": [5] },
	{ "s": "ОСНОВНЫМИ", "p": [5] },
	{ "s": "ОСНОВНЫХ", "p": [8] },
	{ "s": "ОСОБЕННОСТЕЙ", "p": [5] },
	{ "s": "ОСОБОГО", "p": [5] },
	{ "s": "ОСТАЛИСЬ", "p": [12] },
	{ "s": "ОТ", "p": [5] },
	{ "s": "ОТВЕТ", "p": [12] },
	{ "s": "ОТВЕТА", "p": [12] },
	{ "s": "ОТВЕТИТЬ", "p": [1] },
	{ "s": "ОТВЕТЫ", "p": [12] },
	{ "s": "ОТДЕЛЬНО", "p": [5, 4] },
	{ "s": "ОТДЕЛЬНЫХ", "p": [5] },
	{ "s": "ОТКРЫТЫЙ", "p": [11] },
	{ "s": "ОТКРЫТЬ", "p": [11] },
	{ "s": "ОТЛИЧИЕ", "p": [5] },
	{ "s": "ОТМЕНИТЬ", "p": [11] },
	{ "s": "ОТМЕТИТЬ", "p": [6] },
	{ "s": "ОТПРАВЛЯЙТЕ", "p": [5] },
	{ "s": "ОТСЛЕЖИВАНИЯ", "p": [5] },
	{ "s": "ОТСУТСТВОВАТЬ", "p": [6] },
	{ "s": "ОТЧЕТНОСТИ", "p": [5, 2] },
	{ "s": "ОТЧЕТНОСТЬ", "p": [5] },
	{ "s": "ОТЧЕТЫ", "p": [5] },
	{ "s": "ОФИЦИАЛЬНОМ", "p": [15] },
	{ "s": "ОФИЦИАЛЬНЫМ", "p": [14] },
	{ "s": "ОФОРМИТ", "p": [12] },
	{ "s": "ОФОРМЛЕНИЯ", "p": [12] }
]