{
	"1": ["Начальная... Требуется Advanced-лицензия!", "index.htm", []],
	"2": ["Обзор возможно... Требуется Advanced-лицензия!", "overview.htm", []],
	"3": ["Системные ... Требуется Advanced-лицензия!", "system_requirements.htm", [1]],
	"4": ["Начало... Требуется Advanced-лицензия!", "getting_started.htm", []],
	"5": ["Основные поня... Требуется Advanced-лицензия!", "concepts.htm", [2]],
	"6": ["Уста... Требуется Advanced-лицензия!", "setup.htm", [2]],
	"7": ["Зап... Требуется Advanced-лицензия!", "launch.htm", [2]],
	"8": ["Пользовательс... Требуется Advanced-лицензия!", "user_interface.htm", []],
	"9": ["Главное окн... Требуется Advanced-лицензия!", "main_window.htm", [3]],
	"10": ["Настройки... Требуется Advanced-лицензия!", "settings.htm", [3]],
	"11": ["Горячие... Требуется Advanced-лицензия!", "hotkeys.htm", [3]],
	"12": ["Частые воп... Требуется Advanced-лицензия!", "faq.htm", []],
	"13": ["Лице... Требуется Advanced-лицензия!", "licensing.htm", []],
	"14": ["Лицензионно... Требуется Advanced-лицензия!", "eula.htm", [5]],
	"15": ["Контактная... Требуется Advanced-лицензия!", "contact.htm", []]
}