[
	{ "fileName": "0xu0030.json", "first": "0", "last": "0" },
	{ "fileName": "0xu0031.json", "first": "1", "last": "1С:ФРЕШ" },
	{ "fileName": "0xu0032.json", "first": "2", "last": "2–4" },
	{ "fileName": "0xu0033.json", "first": "3", "last": "30" },
	{ "fileName": "0xu0034.json", "first": "4", "last": "4" },
	{ "fileName": "0xu0035.json", "first": "5", "last": "5-КРАТНУЮ" },
	{ "fileName": "0xu0036.json", "first": "6", "last": "6" },
	{ "fileName": "0xu0037.json", "first": "7", "last": "7" },
	{ "fileName": "0xu0038.json", "first": "8", "last": "8.3.24.1342" },
	{ "fileName": "0xu0039.json", "first": "9", "last": "909000000" },
	{ "fileName": "0xu0041.json", "first": "A", "last": "ALT" },
	{ "fileName": "0xu0042.json", "first": "B", "last": "BACKSPACE" },
	{ "fileName": "0xu0043.json", "first": "C", "last": "CTRL" },
	{ "fileName": "0xu0044.json", "first": "DELETE", "last": "DR.EXPLAIN" },
	{ "fileName": "0xu0045.json", "first": "E", "last": "EXPLAIN" },
	{ "fileName": "0xu0046.json", "first": "F", "last": "FRESH" },
	{ "fileName": "0xu0047.json", "first": "GB", "last": "GHZ" },
	{ "fileName": "0xu0048.json", "first": "H", "last": "HDD" },
	{ "fileName": "0xu0049.json", "first": "I", "last": "INSERT" },
	{ "fileName": "0xu004a.json", "first": "J", "last": "J" },
	{ "fileName": "0xu004b.json", "first": "K", "last": "K" },
	{ "fileName": "0xu004c.json", "first": "L", "last": "LENA@YANDEX.RU" },
	{ "fileName": "0xu004e.json", "first": "N", "last": "N" },
	{ "fileName": "0xu004f.json", "first": "O", "last": "OS" },
	{ "fileName": "0xu0052.json", "first": "R", "last": "RU" },
	{ "fileName": "0xu0053.json", "first": "S", "last": "SHIFT" },
	{ "fileName": "0xu0055.json", "first": "U", "last": "U" },
	{ "fileName": "0xu0056.json", "first": "V", "last": "V" },
	{ "fileName": "0xu0057.json", "first": "WINDOWS", "last": "WINDOWS" },
	{ "fileName": "0xu0058.json", "first": "X", "last": "XML-ФАЙЛАМИ" },
	{ "fileName": "0xu0059.json", "first": "Y", "last": "YANDEX" },
	{ "fileName": "0xu005a.json", "first": "Z", "last": "Z" },
	{ "fileName": "0xu0410.json", "first": "А", "last": "АУДИТ" },
	{ "fileName": "0xu0411.json", "first": "БАЗ", "last": "БЭКАПА" },
	{ "fileName": "0xu0412.json", "first": "В", "last": "ВЫРЕЗАТЬ" },
	{ "fileName": "0xu0413.json", "first": "ГИПЕРССЫЛКУ", "last": "ГРУПП" },
	{ "fileName": "0xu0414.json", "first": "ДА", "last": "ДУБЛИКАТ" },
	{ "fileName": "0xu0415.json", "first": "ЕГАИС", "last": "ЕСТЬ" },
	{ "fileName": "0xu0416.json", "first": "ЖАНР", "last": "ЖУРНАЛ" },
	{ "fileName": "0xu0417.json", "first": "ЗА", "last": "ЗНАК" },
	{ "fileName": "0xu0418.json", "first": "И", "last": "ИХ" },
	{ "fileName": "0xu041a.json", "first": "К", "last": "КЭП" },
	{ "fileName": "0xu041b.json", "first": "ЛЕВОМУ", "last": "ЛЮБЫМ" },
	{ "fileName": "0xu041c.json", "first": "МАГАЗИН", "last": "МЫШИ" },
	{ "fileName": "0xu041d.json", "first": "НА", "last": "НУЖНОГО" },
	{ "fileName": "0xu041e.json", "first": "О", "last": "ОФОРМЛЕНИЯ" },
	{ "fileName": "0xu041f.json", "first": "ПАМЯТИ", "last": "ПЯТИКРАТНОМ" },
	{ "fileName": "0xu0420.json", "first": "РАБОТАТЬ", "last": "РУКОВОДСТВО" },
	{ "fileName": "0xu0421.json", "first": "С", "last": "СФОРМИРОВАННУЮ" },
	{ "fileName": "0xu0422.json", "first": "ТАБЛИЦА", "last": "ТУТ" },
	{ "fileName": "0xu0423.json", "first": "У", "last": "УЧИТЫВАЮТ" },
	{ "fileName": "0xu0424.json", "first": "ФАЙЛ", "last": "ФУНКЦИЯМ" },
	{ "fileName": "0xu0425.json", "first": "ХРАНИТСЯ", "last": "ХРАНЯТСЯ" },
	{ "fileName": "0xu0426.json", "first": "ЦЕЛЕЙ", "last": "ЦП" },
	{ "fileName": "0xu0427.json", "first": "ЧАСОВ", "last": "ЧТОБЫ" },
	{ "fileName": "0xu0428.json", "first": "ШАБЛОН", "last": "ШТРАФА" },
	{ "fileName": "0xu042d.json", "first": "ЭДО", "last": "ЭФФЕКТИВНОЙ" },
	{ "fileName": "0xu042e.json", "first": "ЮРЛИЦА", "last": "ЮРЛИЦА" },
	{ "fileName": "0xu042f.json", "first": "Я", "last": "ЯРЛЫК" }
]